{"UnixTimestamp":1632408958.0374025,"IsErrorCheck":false,"ParticipantID":"999","ValidationID":1,"CalibrationFreq":1,"EyeValidationError":{"x":0.5068778395652771,"y":0.7057488560676575,"z":0.10933392494916916},"PointToFocus":{"x":201.7843780517578,"y":-155.20748901367188,"z":131.56741333007813},"CombinedEyeAngleOffset":{"x":1.0252217054367066,"y":0.11244574934244156,"z":359.6498107910156},"LeftEyeAngleOffset":{"x":1.0154467821121216,"y":0.30948910117149355,"z":359.5928649902344},"RightEyeAngleOffset":{"x":1.0359013080596924,"y":359.9130859375,"z":359.70721435546877}},
